{"num_filters_1": 52, "num_filters_2": 83, "latent_dim": 126, "dropout_rate": 0.367950390179366, "learning_rate": 0.00027504282364666837}